{
  "Petaluma, CA": {
    "lat": 38.2325829,
    "lng": -122.636465
  },
  "Novato, CA": {
    "lat": 38.1061979,
    "lng": -122.5681191
  },
  "San Rafael, CA": {
    "lat": 37.9747795,
    "lng": -122.5316686
  },
  "Cotati, CA": {
    "lat": 38.3266798,
    "lng": -122.706844
  },
  "Rohnert Park, CA": {
    "lat": 38.3396367,
    "lng": -122.701098
  },
  "Santa Rosa, CA": {
    "lat": 38.4404925,
    "lng": -122.7141049
  },
  "Sebastopol, CA": {
    "lat": 38.4021038,
    "lng": -122.824222
  },
  "Sonoma, CA": {
    "lat": 38.5110803,
    "lng": -122.8473388
  },
  "Napa, CA": {
    "lat": 38.4898675,
    "lng": -122.3218414
  },
  "American Canyon, CA": {
    "lat": 38.1785248,
    "lng": -122.255183
  },
  "Vallejo, CA": {
    "lat": 38.1040864,
    "lng": -122.2566367
  },
  "Penngrove, CA": {
    "lat": 38.2975775,
    "lng": -122.6756615
  },
  "Glen Ellen, CA": {
    "lat": 38.355533,
    "lng": -122.5390729
  },
  "Kenwood, CA": {
    "lat": 38.4135615,
    "lng": -122.5347521
  },
  "Healdsburg, CA": {
    "lat": 38.6106812,
    "lng": -122.870138
  },
  "Windsor, CA": {
    "lat": 38.5471327,
    "lng": -122.8163802
  },
  "Cloverdale, CA": {
    "lat": 38.8064632,
    "lng": -123.0178759
  },
  "Guerneville, CA": {
    "lat": 38.517901,
    "lng": -122.9781935
  },
  "Forestville, CA": {
    "lat": 38.4838305,
    "lng": -122.8856606
  },
  "Occidental, CA": {
    "lat": 38.4010265,
    "lng": -122.9312132
  },
  "Fairfield, CA": {
    "lat": 38.2493581,
    "lng": -122.039966
  },
  "Lakeport, CA": {
    "lat": 39.0431586,
    "lng": -122.9140838
  },
  "Middletown, CA": {
    "lat": 38.749656,
    "lng": -122.6215923
  },
  "Ukiah, CA": {
    "lat": 39.1501662,
    "lng": -123.2077861
  },
  "Calistoga, CA": {
    "lat": 38.5787966,
    "lng": -122.579705
  },
  "St Helena, CA": {
    "lat": 38.5052288,
    "lng": -122.470042
  },
  "Yountville, CA": {
    "lat": 38.4022008,
    "lng": -122.359506
  },
  "Bodega Bay, CA": {
    "lat": 38.321654,
    "lng": -123.0288398
  },
  "Jenner, CA": {
    "lat": 38.4496365,
    "lng": -123.115558
  },
  "Monte Rio, CA": {
    "lat": 38.4679185,
    "lng": -123.0143728
  },
  "Rio Nido, CA": {
    "lat": 38.5210237,
    "lng": -122.9769427
  },
  "Geyserville, CA": {
    "lat": 38.707687,
    "lng": -122.902496
  },
  "Cazadero, CA": {
    "lat": 38.5283895,
    "lng": -123.1034767
  },
  "Duncans Mills, CA": {
    "lat": 38.4530799,
    "lng": -123.053713
  },
  "Camp Meeker, CA": {
    "lat": 38.4251921,
    "lng": -122.9594422
  },
  "Graton, CA": {
    "lat": 38.4363022,
    "lng": -122.8697158
  }
}